from_id	to_id	weight
U1	U1	3
U1	U1409	1
U1	U14514	1
U1	U16876	1
U1	U17011	1
U1	U17306	1
U1	U17332	1
U1	U2035	1
U1	U344	2
U1	U3521	1
U1	U4096	2
U1	U4144	1
U1	U622	1
U1	U7666	1
U1	U9449	1
U1	U9947	1
U1004	U1004	3
U1004	U766	2
U10059	U10059	1
U10059	U1946	2
U10059	U3993	1
U10072	U4053	1
U10075	U6500	1
U10076	U1887	1
U10095	U16767	1
U10110	U1610	1
U1017	U1149	1
U1017	U11540	1
U1017	U451	1
U10194	U14024	2
U10194	U1409	1
U10194	U17265	1
U10194	U5394	2
U10194	U7150	2
U10206	U10206	1
U1021	U1021	3
U1021	U1384	8
U1021	U2481	1
U1021	U4180	7
U1021	U5744	3
U10265	U10265	2
U10265	U12660	1
U10265	U14424	1
U10265	U16800	1
U10265	U17476	1
U10265	U1898	1
U10265	U2011	1
U10265	U36814	1
U10265	U5810	3
U10265	U6258	3
U10265	U8430	1
U10266	U10266	3
U10266	U1409	2
U10266	U14450	5
U10266	U15898	1
U10266	U3132	2
U10266	U35416	1
U10266	U4494	1
U1028	U16972	1
U10350	U10475	1
U10350	U51	1
U10366	U10366	1
U10366	U1050	1
U10366	U13707	1
U10366	U1492	1
U10366	U14969	1
U10366	U15887	1
U10366	U16031	2
U10366	U17399	1
U10366	U17462	1
U10366	U17489	1
U10366	U4971	1
U10366	U5152	1
U10366	U6936	1
U10366	U8103	1
U10368	U12660	1
U10368	U12858	1
U10368	U290	2
U10368	U5323	1
U10400	U10400	6
U10400	U11081	3
U10400	U1353	1
U10400	U17045	1
U10400	U17181	2
U10400	U2386	1
U10400	U4048	1
U10400	U8508	4
U10427	U6227	1
U1044	U1441	2
U1044	U16774	1
U1044	U17009	1
U1044	U17094	1
U1044	U4042	1
U1044	U586	1
U10443	U10443	2
U10443	U16894	1
U10454	U12481	1
U1047	U17459	1
U10475	U10350	1
U10503	U1050	1
U10503	U10503	1
U10503	U17309	1
U10503	U4096	1
U10503	U733	1
U10503	U947	1
U10541	U16894	1
U1056	U1358	1
U1056	U4415	1
U1061	U1061	1
U1061	U1074	1
U1061	U11054	1
U1061	U15192	1
U1061	U16944	3
U1061	U2389	1
U1061	U6461	1
U10610	U10610	5
U10610	U14105	5
U10610	U16409	2
U10610	U17220	1
U10610	U1887	1
U10610	U2290	2
U10610	U2348	1
U10610	U4333	3
U10610	U7460	2
U10696	U13441	1
U10696	U14497	1
U10696	U17267	1
U10696	U4721	1
U10718	U10718	1
U10718	U5690	1
U10718	U7923	1
U1074	U1074	1
U1074	U14941	1
U1074	U6461	1
U10744	U2051	1
U10744	U7076	1
U10744	U8574	1
U10774	U2000	1
U10779	U10779	3
U10779	U17050	1
U1079	U11142	1
U10819	U2051	1
U10819	U317	1
U10828	U1233	1
U10839	U4971	1
U10871	U17017	1
U10881	U11877	1
U10881	U16578	1
U10881	U5045	1
U10881	U8430	1
U10903	U10903	1
U10920	U10920	7
U10930	U4428	1
U1094	U6936	1
U1094	U9800	1
U11002	U16981	1
U11009	U1358	1
U11009	U17049	1
U11025	U4002	1
U11025	U5094	1
U11054	U1074	1
U11054	U11054	1
U11054	U1131	1
U11054	U16802	1
U11054	U16881	1
U11054	U17332	1
U11054	U17472	1
U11054	U6094	1
U11054	U8382	1
U1107	U1107	1
U11071	U17160	1
U11072	U11072	2
U11072	U4298	1
U11081	U10400	1
U11081	U11081	2
U11081	U16876	2
U11081	U450	2
U11081	U8430	1
U1109	U16143	3
U1114	U3106	1
U11142	U10265	1
U11142	U10443	4
U11142	U10920	3
U11142	U11142	19
U11142	U11765	1
U11142	U11825	1
U11142	U12357	1
U11142	U1266	1
U11142	U13426	1
U11142	U13441	1
U11142	U14497	1
U11142	U1465	1
U11142	U14653	1
U11142	U14941	1
U11142	U15192	1
U11142	U1580	1
U11142	U15933	1
U11142	U16178	1
U11142	U16728	1
U11142	U16750	1
U11142	U16887	1
U11142	U16986	1
U11142	U17008	1
U11142	U17011	1
U11142	U17016	1
U11142	U17042	1
U11142	U17047	1
U11142	U17049	1
U11142	U17051	1
U11142	U17064	1
U11142	U17074	1
U11142	U17202	1
U11142	U17233	1
U11142	U17394	1
U11142	U17420	1
U11142	U17422	1
U11142	U17424	1
U11142	U17426	1
U11142	U17479	1
U11142	U2384	2
U11142	U2698	1
U11142	U2841	1
U11142	U3097	1
U11142	U3132	1
U11142	U3621	1
U11142	U4760	1
U11142	U6094	1
U11142	U6500	1
U11142	U6858	1
U11142	U6976	4
U11142	U7060	1
U11142	U8430	1
U11142	U8646	3
U11142	U8769	1
U11142	U8799	1
U11142	U9025	1
U11142	U9199	1
U11142	U9896	1
U11145	U13878	1
U11145	U14794	2
U11145	U2000	1
U11145	U8382	1
U11176	U17009	1
U1119	U17050	2
U1119	U17125	1
U1119	U17245	1
U11260	U11142	3
U11260	U11260	2
U11260	U13822	1
U11260	U15915	1
U11260	U16883	1
U11260	U16931	1
U11260	U17023	1
U11260	U1777	1
U11260	U290	1
U11260	U6094	1
U11260	U8646	1
U11262	U7934	2
U1131	U1131	6
U1131	U12705	1
U1131	U15856	1
U1131	U16033	1
U1131	U16944	1
U1131	U17050	1
U1131	U17064	2
U1131	U17157	1
U1131	U5199	3
U1131	U5896	1
U1131	U6094	1
U1131	U9025	1
U11332	U12366	1
U11332	U1358	1
U11332	U942	2
U11376	U11376	1
U11376	U16872	1
U11394	U11394	1
U11398	U11786	1
U11398	U450	1
U11398	U519	1
U11417	U10135	1
U11417	U17218	2
U11417	U3333	2
U1149	U1149	5
U1149	U11682	1
U1149	U11765	5
U1149	U1409	1
U1149	U15478	1
U1149	U2083	1
U1149	U3329	1
U1149	U3545	1
U11504	U11504	4
U11504	U22	1
U11540	U11540	3
U11540	U12832	1
U11540	U16046	1
U11540	U1631	1
U11540	U1676	1
U11540	U17260	2
U11540	U17265	1
U11540	U17435	1
U11540	U1784	1
U11540	U3757	1
U11540	U6794	1
U11540	U9141	1
U11540	U9800	3
U11632	U2525	1
U11640	U11640	1
U1168	U1168	1
U11682	U13441	1
U11682	U4177	1
U11682	U5756	1
U11716	U11716	1
U11716	U17181	1
U11716	U17463	1
U11716	U4354	1
U1176	U1176	1
U1176	U13175	1
U1176	U1492	1
U1176	U17106	1
U1176	U5810	3
U1176	U5822	1
U1176	U6485	1
U1176	U6794	1
U1176	U7743	1
U11765	U11765	24
U11765	U15630	1
U11765	U16556	2
U11765	U297	1
U11765	U3503	1
U11765	U519	3
U11773	U17212	1
U11786	U11398	1
U11786	U11786	1
U11786	U17191	1
U11786	U344	1
U11786	U3545	1
U11786	U3901	1
U11786	U4069	1
U11786	U5756	1
U11825	U11142	1
U11825	U11825	2
U11877	U703	2
U11919	U1021	6
U11919	U11919	12
U11919	U13027	1
U11919	U13218	2
U11919	U1384	1
U11919	U16855	3
U11919	U16923	1
U11919	U16925	1
U11919	U17000	1
U11919	U17010	1
U11919	U5744	3
U11919	U6043	1
U11919	U6101	1
U11926	U10920	2
U11926	U11926	6
U11926	U16864	1
U11926	U16876	1
U11926	U36814	1
U11926	U4	2
U11926	U406	1
U11926	U5259	1
U11926	U5482	1
U11926	U5756	2
U11926	U955	1
U1198	U17356	1
U1202	U121	1
U12069	U12069	1
U12075	U3280	1
U12075	U812	1
U12082	U10443	1
U12082	U12082	1
U12082	U16007	1
U12082	U16939	1
U12082	U1946	2
U12082	U3621	1
U121	U1	1
U121	U1107	1
U121	U11228	1
U121	U11504	1
U121	U1202	1
U121	U12069	1
U121	U121	3
U121	U12366	1
U121	U12489	1
U121	U12832	1
U121	U13208	1
U121	U14079	1
U121	U14689	1
U121	U1648	1
U121	U16750	1
U121	U16887	1
U121	U16979	2
U121	U16996	1
U121	U17010	1
U121	U17057	1
U121	U17187	1
U121	U17267	2
U121	U17309	1
U121	U17449	1
U121	U17451	1
U121	U2384	1
U121	U2623	1
U121	U344	1
U121	U35840	1
U121	U4048	1
U121	U4096	1
U121	U4790	1
U121	U5690	1
U121	U5756	1
U121	U6005	1
U121	U6254	1
U121	U6522	1
U121	U78	1
U121	U8799	1
U121	U9417	1
U12106	U1050	1
U12106	U13694	1
U12107	U16673	1
U12107	U39742	2
U12107	U7313	1
U12120	U4987	1
U12120	U5896	1
U12120	U6953	1
U12120	U8430	1
U12120	U9014	1
U12166	U3901	1
U12166	U6646	1
U12166	U6936	1
U1220	U1220	1
U12205	U1441	1
U12205	U17009	1
U1223	U1223	6
U1223	U12481	1
U1223	U14653	2
U1223	U16044	1
U1223	U16522	1
U1223	U16667	1
U1223	U16797	1
U1223	U2841	1
U1223	U4177	1
U1223	U6818	1
U1223	U8338	2
U12261	U1050	1
U12310	U17121	1
U12310	U4008	1
U1233	U1233	1
U12357	U12357	1
U12357	U16888	2
U12357	U17349	1
U12357	U5810	1
U12357	U8394	1
U12357	U9072	1
U12357	U9197	2
U12366	U121	1
U12366	U12366	2
U12366	U15629	2
U12383	U5810	1
U12390	U12390	1
U12402	U519	3
U12419	U290	1
U12425	U11768	2
U12425	U16996	1
U12427	U12806	1
U12427	U17106	1
U12481	U10454	1
U12481	U12481	2
U12481	U16728	1
U12481	U3206	2
U12481	U3384	3
U12481	U3402	5
U12482	U12482	2
U12482	U290	1
U12489	U12489	5
U12547	U16981	1
U12617	U12617	3
U12617	U16767	1
U12617	U1832	1
U12617	U6035	3
U12617	U6278	1
U12617	U83	1
U12617	U8430	1
U12617	U947	1
U1266	U1266	2
U1266	U16951	1
U1266	U17009	1
U1266	U1737	1
U1266	U1898	1
U1266	U2051	1
U1266	U3106	1
U12660	U10400	1
U12660	U1266	1
U12660	U12660	2
U12660	U12858	1
U12660	U17050	2
U12660	U290	1
U12660	U78	1
U12664	U13027	1
U12664	U13108	1
U12664	U15629	1
U12664	U1587	1
U12664	U16046	1
U12674	U16884	1
U12699	U17110	1
U12705	U10909	1
U12705	U11142	4
U12705	U1149	1
U12705	U11827	1
U12705	U11926	1
U12705	U12705	8
U12705	U13462	1
U12705	U1358	3
U12705	U13878	1
U12705	U14024	1
U12705	U14551	1
U12705	U1459	1
U12705	U15934	1
U12705	U16033	1
U12705	U16686	1
U12705	U16711	1
U12705	U16758	3
U12705	U16925	2
U12705	U16927	2
U12705	U16934	2
U12705	U17073	3
U12705	U17086	2
U12705	U17366	1
U12705	U17391	1
U12705	U2000	2
U12705	U2672	1
U12705	U3993	6
U12705	U454	2
U12705	U5017	3
U12705	U5199	2
U12705	U5442	5
U12705	U5810	6
U12705	U5970	1
U12705	U6307	1
U12705	U6316	1
U12705	U6794	1
U12705	U7206	1
U12705	U7311	1
U12705	U74492	4
U12705	U8133	2
U12705	U8375	1
U12705	U8430	2
U12705	U8547	2
U12705	U8923	2
U12705	U955	2
U12705	U9896	4
U12751	U11919	1
U12751	U12751	2
U12751	U16855	1
U12751	U17362	1
U12806	U5442	3
U1281	U17261	1
U12824	U3969	1
U12832	U12832	1
U12858	U10368	3
U12858	U12660	1
U12858	U16750	1
U12858	U5045	1
U12898	U17060	1
U12898	U17441	1
U12898	U824	1
U12976	U17106	1
U12976	U3097	1
U13024	U10266	2
U13027	U16750	1
U13034	U13034	1
U13034	U15517	1
U1306	U290	1
U1306	U6976	1
U13070	U35840	1
U13070	U6950	1
U13070	U6976	1
U1310	U1310	2
U1310	U14181	1
U1310	U16959	1
U1310	U16985	1
U1310	U2926	2
U1310	U3384	1
U1310	U4096	2
U1310	U5274	1
U13113	U10366	1
U13113	U1050	1
U13113	U14830	1
U13113	U17399	1
U13113	U3077	1
U13119	U17414	1
U13119	U4953	1
U13119	U6205	1
U13151	U14024	1
U13151	U17276	1
U13151	U9072	1
U13168	U16969	1
U13175	U13175	1
U13218	U13218	4
U13223	U17388	1
U13223	U6094	1
U13238	U8320	1
U13265	U1107	2
U13265	U11072	4
U13265	U11705	1
U13265	U121	1
U13265	U13265	2
U13265	U1409	1
U13265	U15882	1
U13265	U16914	1
U13265	U16969	2
U13265	U17169	1
U13265	U2035	1
U13265	U2349	1
U13265	U344	2
U13265	U3521	1
U13265	U3996	1
U13265	U431	6
U13265	U4639	4
U13265	U5259	2
U13265	U5337	2
U13265	U7	3
U13265	U83	1
U13268	U13268	2
U13268	U13972	1
U13268	U14319	1
U13268	U1648	1
U13268	U16767	1
U13268	U17125	1
U13268	U17175	1
U13268	U17235	1
U13268	U17267	1
U13268	U17414	1
U13268	U3400	1
U13268	U3641	1
U13268	U7934	1
U13302	U16876	2
U1335	U1335	3
U1335	U1345	1
U1335	U16862	1
U1335	U17064	1
U1335	U17111	1
U1335	U35353	3
U1335	U391	1
U1335	U4639	1
U1335	U6205	1
U1335	U7307	2
U1335	U8176	1
U1335	U8588	1
U13356	U13356	1
U13356	U15970	1
U13356	U4362	1
U13400	U13400	2
U13400	U17042	1
U13426	U13426	4
U13441	U4639	1
U1345	U12695	1
U1345	U13070	1
U1345	U1345	3
U1345	U1573	1
U1345	U16429	2
U1345	U1650	1
U1345	U16862	1
U1345	U16887	1
U1345	U17314	1
U1345	U2841	2
U1345	U35353	3
U1345	U6094	1
U1345	U6254	2
U1345	U7307	3
U13462	U12705	4
U13475	U13475	5
U13475	U8430	1
U13475	U8547	1
U13488	U13488	2
U13506	U2000	1
U13506	U8508	2
U1355	U1355	1
U13559	U16751	1
U1358	U1050	1
U1358	U1358	7
U1358	U6094	1
U136	U12205	1
U136	U17009	1
U136	U17017	1
U13602	U17089	1
U13625	U13625	3
U13625	U16007	1
U13650	U1050	1
U13650	U13650	4
U13650	U14024	1
U13650	U15192	2
U13650	U16033	2
U13650	U16934	1
U13650	U16953	1
U13650	U16960	1
U13650	U16965	1
U13650	U17011	1
U13650	U17017	1
U13650	U17366	1
U13650	U17367	1
U13650	U1898	3
U13650	U3757	1
U13650	U5584	1
U13650	U5751	1
U13650	U6094	2
U13650	U6461	1
U13650	U6794	1
U13650	U6953	1
U13694	U13694	3
U13694	U14794	1
U13694	U16559	1
U13707	U10366	1
U13707	U13707	2
U13707	U344	1
U13707	U35357	2
U13707	U6545	1
U13736	U13736	1
U13809	U17009	1
U13822	U13822	1
U13825	U13825	1
U13825	U1650	3
U13825	U8588	1
U13834	U828	1
U1384	U1	1
U1384	U1384	4
U1384	U16033	1
U1384	U17218	2
U1384	U4008	2
U1384	U4180	7
U1384	U5744	1
U1384	U5756	1
U1384	U6013	1
U13878	U11145	1
U13878	U13878	1
U13878	U2938	1
U13913	U1650	1
U13932	U13932	1
U13932	U9025	1
U13972	U11146	1
U13972	U12617	1
U13972	U13827	1
U13972	U14830	1
U13972	U15289	1
U13972	U16048	1
U13972	U16941	2
U13972	U17482	1
U13972	U3709	2
U13972	U6316	1
U13972	U943	1
U1400	U36108	1
U14024	U14024	1
U14039	U14039	3
U14039	U6210	1
U1407	U10265	1
U1407	U13704	1
U1407	U17489	2
U14079	U14079	1
U14079	U1409	1
U1409	U10266	1
U1409	U10400	1
U1409	U10503	1
U1409	U1149	1
U1409	U11540	1
U1409	U12482	1
U1409	U14079	1
U1409	U1409	2
U1409	U15629	1
U1409	U15934	2
U1409	U16578	1
U1409	U16876	1
U1409	U16951	1
U1409	U17435	2
U1409	U17448	2
U1409	U17449	2
U1409	U2384	1
U1409	U2926	1
U1409	U3684	1
U1409	U4086	3
U1409	U7460	3
U1409	U9096	2
U1409	U9417	2
U14091	U6500	1
U14094	U6227	1
U14105	U14105	3
U14167	U6522	1
U14167	U8430	1
U14181	U1310	1
U14199	U8430	1
U14230	U11825	1
U14230	U4987	1
U14230	U8430	1
U143	U16957	2
U14304	U16876	1
U14324	U16921	1
U1441	U1044	2
U1441	U1441	3
U1441	U1516	1
U1441	U17164	1
U1441	U17204	1
U1441	U5740	1
U1441	U586	1
U1441	U6094	1
U1441	U766	1
U14424	U10265	5
U14424	U14424	1
U14424	U3324	2
U14441	U11765	1
U14450	U1358	1
U14450	U14450	8
U14450	U15887	5
U14450	U15898	1
U14450	U16858	1
U14450	U17132	1
U14450	U17203	3
U14450	U17378	1
U14450	U17435	1
U14450	U1898	1
U14450	U2384	1
U14450	U2530	1
U14450	U3132	3
U14450	U35416	3
U14450	U3958	1
U14450	U6043	1
U14450	U6827	2
U14450	U6976	1
U14450	U8430	1
U1446	U17378	1
U1446	U35840	2
U1446	U6976	2
U14492	U16155	1
U14493	U14493	1
U14493	U1532	1
U14493	U16518	1
U14493	U2384	2
U14493	U3280	1
U14493	U454	1
U14493	U6651	1
U14493	U8444	1
U14497	U10909	2
U14497	U11056	1
U14497	U13825	1
U14497	U14497	4
U14497	U1464	1
U14497	U1465	2
U14497	U15934	1
U14497	U16857	2
U14497	U17161	1
U14497	U17261	1
U14497	U17283	1
U14497	U17314	1
U14497	U1737	1
U14497	U17462	1
U14497	U17510	1
U14497	U1832	3
U14497	U36814	1
U14497	U4133	1
U14497	U5177	1
U14497	U8382	2
U14497	U8801	2
U14515	U4721	1
U14517	U16904	1
U14517	U17370	1
U14517	U36814	2
U14517	U6035	1
U14517	U6269	1
U14541	U4144	1
U14551	U14551	7
U14551	U146	1
U14551	U1464	1
U14551	U16048	1
U14551	U16399	1
U14551	U16894	1
U14551	U17009	1
U14551	U17443	1
U14551	U297	1
U14551	U3248	1
U14551	U36814	3
U14551	U5970	1
U14551	U6094	1
U14559	U14559	1
U1459	U12705	1
U1459	U16923	1
U1459	U16924	1
U146	U14551	3
U1463	U13070	1
U1463	U1463	2
U1463	U15934	2
U1463	U16832	1
U1463	U17255	1
U1463	U17456	4
U1463	U6950	1
U1463	U6976	1
U1463	U8176	1
U1463	U9472	1
U1464	U10095	1
U1464	U1021	1
U1464	U12489	1
U1464	U1384	1
U1464	U16888	1
U1464	U17057	1
U1464	U1832	2
U1464	U2024	1
U1464	U4721	1
U1464	U6084	1
U1464	U6756	2
U1465	U11765	1
U1465	U13175	1
U1465	U1345	2
U1465	U1465	3
U1465	U16048	4
U1465	U16686	1
U1465	U1672	1
U1465	U16857	1
U1465	U16858	1
U1465	U16883	2
U1465	U16921	1
U1465	U16985	2
U1465	U17175	1
U1465	U17184	1
U1465	U17187	1
U1465	U17233	2
U1465	U17267	3
U1465	U17308	1
U1465	U17380	1
U1465	U3097	1
U1465	U35353	6
U1465	U391	2
U1465	U4177	1
U1465	U4304	1
U1465	U4760	1
U1465	U4961	2
U1465	U5177	1
U1465	U6205	1
U1465	U6666	1
U1465	U6976	1
U1465	U732	1
U1465	U78	2
U1465	U9417	1
U1465	U9800	1
U1465	U9947	3
U14653	U1223	2
U14653	U14653	2
U14653	U17009	1
U14653	U17265	1
U14653	U17435	2
U14653	U1832	1
U14653	U4231	1
U1467	U1107	1
U1467	U17473	1
U14672	U10610	1
U14672	U16750	1
U14672	U16876	1
U14689	U10206	1
U14689	U1233	1
U14689	U13223	1
U14689	U1409	1
U14689	U14689	11
U14689	U14976	1
U14689	U16802	2
U14689	U2361	1
U14689	U2807	1
U14689	U3248	1
U14689	U3755	1
U14689	U3992	2
U14689	U5970	1
U14689	U6094	1
U14689	U6862	2
U14689	U8133	2
U14763	U16916	1
U1478	U9564	1
U14794	U11145	1
U14794	U14794	2
U14802	U17360	2
U14802	U3537	1
U14802	U4177	3
U14812	U9035	1
U1483	U1483	2
U1483	U17009	1
U1483	U7313	1
U14830	U10454	1
U14830	U10718	1
U14830	U11919	1
U14830	U12751	2
U14830	U14830	15
U14830	U16389	3
U14830	U16686	1
U14830	U17017	2
U14830	U17035	2
U14830	U17086	2
U14830	U17128	1
U14830	U17192	2
U14830	U1737	2
U14830	U1898	1
U14830	U20038	1
U14830	U2233	1
U14830	U2384	1
U14830	U2841	1
U14830	U290	1
U14830	U297	1
U14830	U3333	1
U14830	U3384	3
U14830	U3503	1
U14830	U3537	1
U14830	U3632	1
U14830	U3684	4
U14830	U3993	2
U14830	U4180	2
U14830	U454	1
U14830	U6094	2
U14830	U6316	2
U14830	U7710	2
U14830	U8430	1
U14830	U9021	2
U14830	U9025	2
U14830	U972	1
U14899	U6485	1
U14901	U14901	1
U14901	U1587	2
U14901	U16944	1
U14901	U6206	1
U14901	U7949	1
U14901	U9544	1
U14913	U17009	1
U14913	U1946	2
U14913	U2000	1
U1492	U2874	1
U14941	U14941	1
U14969	U3502	1
U14969	U6976	1
U14976	U6862	1
U15046	U16767	1
U15046	U2356	2
U15046	U35353	1
U1508	U586	1
U15129	U11376	1
U15129	U16872	1
U15129	U402	1
U1516	U12573	1
U1516	U1516	1
U15181	U16957	1
U15192	U15192	1
U1528	U2623	1
U15280	U10265	1
U15280	U17217	1
U15280	U6460	1
U15289	U13972	1
U15289	U15289	1
U1532	U11504	1
U1532	U12366	1
U1532	U1409	2
U1532	U1492	1
U1532	U16959	1
U1532	U17489	5
U1532	U2384	3
U1532	U45	1
U1532	U4700	1
U1532	U763	1
U1532	U8430	4
U1532	U9025	1
U15331	U17336	2
U15331	U8103	1
U15385	U15385	1
U15388	U2554	3
U15405	U1131	3
U15478	U3272	1
U15503	U17022	2
U15517	U13034	2
U15517	U17110	2
U15629	U1004	1
U15629	U12366	1
U15629	U13144	1
U15629	U14653	2
U15629	U16048	1
U15629	U16871	1
U15629	U17060	1
U15629	U2024	1
U15629	U4362	1
U15629	U5756	1
U15629	U6756	1
U15629	U7313	1
U15629	U8547	1
U15630	U1074	1
U15630	U11765	1
U15630	U12135	1
U15630	U14517	1
U15630	U2837	2
U15630	U492	2
U15630	U5756	3
U15630	U83	1
U15673	U15673	1
U15673	U17326	1
U15700	U15700	1
U1573	U1573	1
U1573	U16862	1
U1573	U17314	1
U1573	U45	4
U1573	U6666	3
U15735	U17238	1
U15735	U2672	1
U15752	U650	1
U15765	U290	1
U15770	U6976	2
U1580	U1580	1
U1580	U3983	1
U15837	U15837	3
U15837	U16033	2
U15837	U2954	1
U15837	U3206	2
U15837	U3402	2
U15837	U6094	2
U15852	U15852	2
U15856	U15856	1
U1587	U17457	1
U1587	U3806	1
U1587	U6094	1
U15882	U15882	1
U15882	U3996	1
U15887	U1358	1
U15887	U15887	5
U15887	U15934	1
U15887	U17265	1
U15887	U17435	1
U15887	U9096	3
U15887	U9672	1
U1590	U1266	1
U15915	U15915	4
U15933	U11142	2
U15933	U15933	8
U15933	U16048	1
U15933	U16944	1
U15933	U17265	1
U15933	U4221	1
U15933	U4622	1
U15934	U11765	1
U15934	U15629	1
U15934	U15934	14
U15934	U16758	3
U15934	U16887	5
U15934	U17132	1
U15934	U35840	1
U15934	U6794	4
U15934	U6976	1
U15934	U8588	1
U1594	U4710	1
U15994	U15994	1
U15994	U7743	1
U16002	U16409	1
U16007	U12082	2
U16007	U16007	2
U16007	U3503	1
U16007	U3684	1
U16007	U4312	1
U16007	U703	2
U16007	U766	1
U16031	U10366	1
U16031	U16031	1
U16033	U13650	2
U16033	U15837	2
U16033	U16033	5
U16033	U5883	1
U16036	U17203	1
U16044	U1223	2
U16046	U14339	1
U16046	U16046	15
U16046	U16643	1
U16046	U17009	1
U16046	U17238	2
U16046	U2035	1
U16046	U2530	2
U16046	U5094	1
U16046	U750	1
U16048	U16048	5
U16048	U391	1
U1610	U1176	1
U16114	U16114	1
U16143	U14497	1
U16143	U16143	2
U16144	U11705	1
U16144	U16144	1
U16178	U16178	2
U16178	U1657	1
U16178	U17007	1
U16178	U17074	1
U16178	U17515	1
U16178	U290	1
U16183	U16183	5
U16183	U17062	1
U16183	U17110	1
U16183	U613	3
U16183	U8794	1
U16185	U4008	2
U16280	U121	1
U1631	U16183	1
U1631	U1631	1
U1631	U16981	1
U16323	U16323	2
U16389	U14830	1
U16389	U16389	1
U16409	U16002	1
U16409	U7460	1
U16447	U10095	1
U1648	U1648	2
U1650	U13825	2
U1650	U14497	1
U1650	U1463	1
U1650	U1650	5
U1650	U9471	1
U16510	U5952	1
U16518	U14493	1
U16518	U16518	1
U16530	U16530	1
U16537	U16537	1
U16537	U2554	3
U16545	U16545	1
U16554	U6787	1
U16556	U11142	1
U16556	U11765	1
U16556	U13441	1
U16556	U1409	1
U16556	U16556	1
U16556	U16876	1
U16556	U17191	1
U16556	U2821	1
U16556	U5756	1
U16556	U7	2
U16556	U9658	1
U16559	U13694	2
U16578	U14286	1
U16578	U16578	12
U16578	U16906	1
U16578	U394	1
U16578	U6032	2
U16578	U6986	1
U16578	U78	1
U16622	U74492	1
U16639	U13087	1
U16639	U16639	2
U16659	U8982	1
U16673	U16673	1
U16686	U10206	1
U16686	U16492	1
U16686	U16686	2
U16705	U36814	1
U16711	U12705	1
U16722	U17337	1
U16722	U6789	1
U16729	U3621	1
U16746	U8320	1
U16750	U16750	1
U16751	U11142	1
U16751	U13559	1
U16751	U16751	2
U16751	U1887	1
U16751	U6254	1
U16751	U7460	1
U16751	U9947	1
U16758	U16758	5
U16774	U16774	1
U16797	U6976	1
U16801	U733	1
U16802	U16802	1
U16811	U6094	1
U16813	U16144	1
U16813	U16813	1
U16813	U673	1
U16832	U1463	2
U16832	U16832	1
U16832	U3996	1
U16842	U14304	1
U16842	U16842	1
U16842	U2035	1
U16845	U17452	1
U16855	U11919	1
U16855	U16855	3
U16855	U8769	2
U16857	U16857	1
U16858	U14450	5
U16858	U16858	1
U16859	U16622	1
U16859	U16859	2
U16859	U2318	1
U16859	U4535	1
U16862	U2384	1
U16864	U35416	1
U16872	U16872	1
U16876	U11926	1
U16876	U13302	1
U16876	U14304	1
U16876	U16876	9
U16876	U17308	1
U16876	U83	2
U16877	U83	1
U1688	U1832	2
U16882	U381	1
U16883	U11260	1
U16883	U16883	3
U16883	U2968	1
U16883	U3983	1
U16886	U16886	2
U16886	U2083	1
U16887	U15934	2
U16887	U16887	8
U16887	U8588	1
U16888	U16888	8
U16894	U10443	1
U16894	U10541	1
U16894	U2530	3
U16900	U16887	1
U16904	U14517	1
U16904	U16904	1
U16904	U3280	1
U16906	U16019	1
U16906	U16578	1
U16910	U15921	1
U16910	U942	1
U16914	U13265	1
U16916	U16916	2
U16917	U11359	1
U16920	U16920	1
U16920	U8103	1
U16924	U16923	1
U16925	U16923	1
U16927	U16927	2
U16930	U14517	1
U16931	U16931	2
U16934	U16934	6
U16934	U17332	3
U16934	U2954	2
U16934	U4354	1
U16934	U5963	2
U16937	U16937	4
U16937	U1847	1
U16937	U3248	1
U16939	U16939	1
U16939	U1946	3
U16939	U238	1
U16939	U6794	1
U16939	U7743	1
U16940	U16940	1
U16941	U16941	1
U16944	U1061	2
U16944	U1131	1
U16944	U16944	4
U16944	U1887	1
U16944	U5810	1
U16944	U9072	1
U16946	U6776	1
U16947	U3621	1
U16948	U16505	1
U16948	U16948	1
U16951	U16951	1
U16952	U16952	1
U16952	U7934	1
U16953	U13650	1
U16957	U15181	1
U16957	U16957	3
U16959	U16959	2
U16959	U4558	1
U16959	U532	1
U16959	U8188	1
U16960	U13650	2
U16960	U16960	1
U16960	U7934	1
U16963	U3200	1
U16969	U16969	2
U16969	U7399	1
U16972	U16972	1
U16972	U2233	1
U16979	U16979	3
U16980	U16980	2
U16983	U2083	1
U16985	U16985	3
U16988	U17009	1
U16988	U2310	1
U16988	U2554	3
U16989	U10679	1
U16989	U5849	2
U16989	U6085	1
U16989	U6794	1
U16994	U1898	1
U16995	U13441	1
U16996	U12425	1
U16996	U16996	1
U17007	U16178	2
U17007	U17007	2
U17008	U11142	4
U17008	U17008	1
U17009	U16530	1
U17009	U17009	3
U17009	U238	1
U17009	U4086	1
U17009	U4423	1
U17011	U17011	3
U17013	U12274	1
U17015	U17015	4
U17015	U2384	4
U17017	U10871	1
U17017	U136	1
U17017	U17017	4
U17017	U17306	2
U17017	U238	1
U17017	U8430	1
U17022	U17022	5
U17023	U17023	1
U17029	U17009	1
U17033	U4304	1
U17035	U17035	1
U17036	U16750	1
U17036	U17035	1
U17039	U17039	1
U17039	U6043	1
U17042	U13400	1
U17042	U17042	2
U17045	U10400	1
U17051	U11142	1
U17052	U577	1
U17053	U297	1
U17054	U17016	1
U17057	U17057	3
U17057	U519	2
U17064	U17064	2
U17064	U17111	1
U17069	U17069	1
U17069	U8857	1
U17071	U5378	1
U17072	U812	1
U17073	U17073	4
U17073	U3206	1
U17073	U9022	1
U17074	U16178	1
U17077	U14621	1
U17079	U17087	1
U17081	U17081	1
U17081	U7460	1
U17082	U16530	1
U17085	U299	1
U17098	U6485	1
U17098	U733	1
U17100	U13108	1
U17100	U7743	2
U17104	U17069	1
U17106	U1176	1
U17110	U17110	2
U17110	U2554	1
U17110	U7743	1
U17111	U10330	1
U17111	U11765	2
U17111	U14551	1
U17111	U16537	1
U17111	U17064	1
U17111	U17143	1
U17111	U17267	1
U17111	U5534	1
U17111	U6858	1
U17111	U9025	2
U17113	U8430	1
U17115	U35840	1
U17117	U9197	1
U17119	U17119	6
U17128	U16637	1
U17137	U17137	2
U17137	U1946	1
U17143	U17143	2
U17146	U17146	2
U1715	U16951	1
U17157	U1131	1
U17157	U2954	1
U17164	U1409	1
U17164	U1441	1
U17164	U16728	1
U17164	U17164	2
U17164	U3993	1
U17164	U51	1
U17164	U6794	1
U17177	U5789	1
U17181	U10400	2
U17181	U11716	1
U17187	U17187	4
U17187	U943	4
U17188	U17188	2
U17200	U17200	1
U17203	U17203	4
U17211	U5199	1
U17212	U11773	1
U17214	U4345	1
U17217	U15280	1
U17218	U10135	1
U17218	U17218	2
U17218	U17277	1
U17218	U2083	1
U17218	U297	2
U17219	U9564	1
U17220	U7460	1
U17227	U2011	1
U17228	U16389	1
U17229	U2857	1
U17229	U7341	1
U17246	U8799	1
U17246	U9022	1
U17249	U10718	1
U17252	U35357	1
U17255	U17255	4
U17256	U1042	1
U17261	U10095	1
U17261	U1171	1
U17261	U17261	1
U17261	U17467	1
U17261	U290	1
U17261	U3755	1
U17261	U454	1
U17261	U6101	1
U17261	U7294	1
U17265	U17265	7
U17267	U10696	1
U17267	U17267	9
U17271	U13363	1
U17273	U17273	1
U17273	U3206	1
U17276	U17276	1
U17277	U15728	1
U17277	U17218	2
U17277	U17277	1
U17280	U17280	1
U17280	U450	1
U17283	U17283	1
U17294	U17294	1
U17298	U8382	1
U17300	U17300	1
U17304	U4721	1
U17304	U5709	1
U17306	U17306	1
U17308	U1409	1
U17308	U16876	1
U17308	U17308	4
U17308	U17428	1
U17308	U4333	3
U17308	U4821	1
U17308	U5259	1
U17308	U6522	1
U17308	U9658	1
U17308	U9947	2
U17314	U17314	1
U17323	U17323	1
U17323	U8588	4
U17324	U17324	1
U17325	U17325	2
U17326	U15673	2
U17326	U17326	7
U17326	U9449	2
U17332	U16934	3
U17332	U17332	4
U17336	U17336	1
U17336	U2384	1
U17336	U9025	1
U17337	U6789	1
U17338	U2554	1
U17345	U17325	1
U17345	U17345	1
U17348	U17348	1
U17349	U17360	1
U17350	U391	1
U17350	U6522	1
U17353	U17353	1
U17356	U17356	1
U17356	U4008	5
U17358	U5144	1
U17362	U17362	2
U17363	U3996	1
U17366	U13650	2
U17366	U17366	1
U1737	U1266	2
U1737	U1737	2
U17370	U10779	3
U17370	U1441	1
U17370	U17467	1
U17370	U2082	1
U17370	U2784	1
U17370	U4133	1
U17370	U823	2
U17371	U8103	1
U17377	U6976	1
U17378	U17378	1
U17378	U6976	1
U17380	U17380	1
U17384	U17388	1
U17385	U17385	1
U17385	U3521	1
U17388	U17388	2
U17388	U17445	2
U17391	U17391	4
U17391	U429	1
U17391	U8430	1
U17394	U11142	1
U17396	U3755	1
U17400	U2362	1
U17403	U6862	1
U17404	U3280	1
U17406	U3280	1
U17417	U8719	1
U17422	U17422	1
U17422	U9072	1
U17423	U17332	1
U17428	U17428	1
U17441	U13704	1
U17443	U14551	3
U17443	U8588	1
U17445	U17388	1
U17451	U17451	2
U17452	U16845	1
U17452	U17452	1
U17452	U17502	1
U17456	U1463	1
U17456	U17456	1
U17457	U1459	1
U17459	U1047	1
U17462	U10366	1
U17462	U14497	3
U17462	U17462	3
U17463	U11716	1
U17463	U17463	1
U17464	U6794	1
U17465	U14233	1
U17467	U17467	1
U17470	U1851	1
U17472	U7193	1
U17477	U4556	1
U17486	U17486	1
U17490	U4700	1
U17497	U17495	1
U17500	U17500	2
U17502	U17452	1
U17512	U17512	1
U1777	U11260	2
U1777	U1777	1
U17988	U17420	1
U17988	U2533	1
U1826	U12832	6
U1826	U5756	1
U1826	U6522	3
U1832	U1832	2
U1837	U4183	1
U184	U14969	2
U184	U733	1
U184	U7762	1
U1840	U8382	1
U1847	U1050	1
U1847	U11028	1
U1847	U1657	1
U1847	U16774	1
U1847	U16870	1
U1847	U16937	1
U1847	U17119	1
U1847	U17479	1
U1847	U1777	1
U1847	U1847	1
U1847	U238	1
U1847	U4345	1
U1847	U6094	2
U1849	U4832	1
U1887	U14514	1
U1887	U16944	1
U1887	U1887	2
U1887	U45	1
U1898	U11072	1
U1898	U12481	1
U1898	U1358	1
U1898	U13650	1
U1898	U14830	1
U1898	U16728	1
U1898	U16870	1
U1898	U16994	1
U1898	U17016	1
U1898	U17486	1
U1898	U1898	3
U1898	U36814	1
U1898	U586	2
U1898	U6210	1
U1898	U6858	1
U1898	U7934	1
U1898	U812	1
U1898	U8430	5
U1898	U8646	1
U1916	U16876	1
U1946	U11115	1
U1946	U11145	1
U1946	U11825	1
U1946	U12082	1
U1946	U12705	3
U1946	U13462	1
U1946	U14794	2
U1946	U1492	1
U1946	U16939	2
U1946	U16989	1
U1946	U17137	2
U1946	U17164	2
U1946	U17261	4
U1946	U17446	1
U1946	U1946	31
U1946	U3400	1
U1946	U3621	3
U1946	U4086	1
U1946	U4753	1
U1946	U4842	1
U1946	U5017	2
U1946	U5849	2
U1946	U6794	5
U1946	U6856	2
U1946	U7206	4
U1946	U7409	1
U1946	U8382	1
U1946	U8430	1
U1946	U8547	3
U1946	U9269	2
U1946	U936	1
U1985	U10503	2
U19949	U2051	1
U19949	U7110	1
U2000	U1050	1
U2000	U12705	1
U2000	U1492	2
U2000	U16554	1
U2000	U16985	1
U2000	U17022	1
U2000	U17039	1
U2000	U17052	1
U2000	U17486	1
U2000	U1946	3
U2000	U2000	4
U2000	U2361	1
U2000	U2672	2
U2000	U3183	2
U2000	U3493	1
U2000	U4177	3
U2000	U5017	1
U2000	U5442	2
U2000	U5810	1
U2000	U586	1
U2000	U6794	3
U2000	U7743	1
U2000	U8133	1
U2000	U8382	3
U2000	U8547	8
U2000	U9072	2
U2000	U9896	1
U20038	U1074	1
U20038	U13441	1
U20038	U1409	1
U20038	U20038	1
U20038	U519	1
U2011	U17227	1
U2011	U2011	1
U2011	U238	1
U2024	U1384	2
U2024	U14689	1
U2024	U3503	1
U2024	U3684	1
U2024	U5744	2
U2024	U6827	1
U2031	U1574	1
U2031	U3005	1
U2035	U15629	2
U2035	U16046	6
U2035	U16409	1
U2035	U16842	1
U2035	U16876	1
U2035	U17125	1
U2035	U17220	2
U2035	U2530	1
U2035	U3233	1
U2035	U3641	1
U2035	U5094	1
U2035	U5259	1
U2035	U7103	2
U2035	U7313	1
U2035	U9141	1
U2039	U6936	1
U2051	U10744	1
U2051	U2384	1
U2051	U9072	1
U2083	U1149	1
U2083	U14079	2
U2083	U16046	1
U2083	U16876	1
U2083	U16886	2
U2083	U16914	2
U2083	U16983	4
U2083	U16985	1
U2083	U17218	1
U2083	U2083	5
U2083	U297	1
U2083	U3521	1
U2083	U3753	1
U2083	U5094	2
U2083	U5177	2
U2123	U1483	1
U2123	U3684	1
U2147	U15629	1
U2149	U290	1
U2162	U733	1
U2191	U4144	1
U2192	U10350	1
U22	U11504	4
U22	U16944	1
U22	U17324	1
U22	U17489	1
U22	U22	5
U22	U3503	1
U22	U396	3
U22	U7762	1
U2225	U1463	1
U2233	U12425	1
U2233	U16972	1
U2233	U17009	1
U2233	U2233	3
U2234	U83	1
U2258	U2258	1
U2258	U2989	1
U2264	U16972	2
U2264	U2233	3
U2264	U2264	3
U2267	U3503	1
U2267	U4	2
U2267	U8419	1
U2273	U14901	1
U2273	U16985	1
U2273	U9072	1
U2290	U13441	1
U2290	U16951	1
U2290	U16979	1
U2290	U17191	1
U2290	U17308	2
U2290	U2290	3
U2290	U4180	1
U2290	U4333	1
U2290	U4710	1
U2290	U5259	1
U2290	U6776	1
U2290	U7060	1
U2290	U9544	1
U2294	U1587	1
U2294	U6210	1
U2305	U2305	1
U2305	U36814	1
U2308	U16876	1
U2348	U10610	1
U2348	U13747	1
U2348	U2348	3
U2349	U16857	1
U2349	U2349	2
U2349	U3521	1
U2356	U15046	1
U2356	U17184	1
U2356	U17187	2
U2356	U17422	1
U2356	U2356	2
U2356	U5538	1
U2356	U763	1
U23571	U15728	1
U2361	U2361	1
U2361	U2672	2
U2361	U9896	3
U2363	U4832	1
U238	U1587	1
U238	U16639	1
U238	U17009	1
U238	U17017	1
U238	U2011	1
U238	U238	3
U238	U3206	1
U238	U8588	1
U2381	U4494	1
U2383	U396	1
U2384	U10035	1
U2384	U10217	1
U2384	U10443	1
U2384	U10920	2
U2384	U11142	2
U2384	U1409	2
U2384	U14830	1
U2384	U1492	1
U2384	U15837	2
U2384	U16855	2
U2384	U16859	1
U2384	U16862	1
U2384	U16981	1
U2384	U17015	4
U2384	U17164	2
U2384	U17244	1
U2384	U17336	1
U2384	U17399	1
U2384	U2051	2
U2384	U22	1
U2384	U2384	13
U2384	U2530	2
U2384	U3097	1
U2384	U3132	1
U2384	U3206	2
U2384	U3402	1
U2384	U3621	1
U2384	U3684	1
U2384	U431	1
U2384	U5952	1
U2384	U6094	2
U2384	U6258	1
U2384	U6545	1
U2384	U6976	1
U2384	U7076	1
U2384	U750	1
U2384	U8430	1
U2384	U9021	1
U2384	U9800	1
U2384	U9896	1
U2386	U2386	1
U2389	U1061	1
U2389	U2389	2
U2454	U2454	1
U2454	U4428	1
U2480	U16888	1
U2480	U2480	1
U2481	U15783	1
U2481	U2481	1
U2481	U7710	1
U25	U14689	1
U250	U3493	1
U2530	U11142	3
U2530	U14450	1
U2530	U1587	1
U2530	U16894	3
U2530	U17265	1
U2530	U17349	1
U2530	U17476	1
U2530	U2035	1
U2530	U22	1
U2530	U2530	5
U2530	U2841	1
U2530	U297	1
U2530	U3097	1
U2530	U3400	3
U2530	U36814	1
U2530	U4008	2
U2530	U406	1
U2530	U5045	2
U2530	U6666	3
U2530	U7313	1
U2530	U9141	1
U2533	U16832	1
U2533	U519	1
U2554	U16537	2
U2554	U16988	1
U2554	U17110	3
U2554	U17338	1
U2554	U17467	1
U2554	U17513	1
U2554	U2554	6
U2554	U8430	1
U2555	U6670	2
U25726	U13694	1
U2579	U2579	1
U2613	U17426	1
U2621	U3560	1
U2622	U2622	1
U2622	U36814	1
U2622	U8430	1
U2623	U17336	1
U2623	U2623	1
U2627	U15629	1
U2627	U4180	3
U2642	U11768	1
U2642	U17219	1
U2642	U3160	2
U2653	U11926	2
U2653	U4528	1
U2669	U11	1
U2669	U582	1
U2669	U66	2
U2669	U703	1
U2672	U11640	2
U2672	U12705	3
U2672	U1587	1
U2672	U2361	1
U2672	U2672	6
U26801	U17388	1
U26801	U4354	1
U26801	U8794	1
U2698	U11142	1
U2698	U12610	1
U2698	U16698	1
U2698	U17009	1
U2698	U17073	2
U2698	U425	3
U2702	U16959	2
U2763	U16965	1
U2784	U1061	2
U2784	U2784	4
U2797	U9072	1
U2807	U2784	1
U2821	U13265	1
U2821	U13441	1
U2821	U297	1
U2821	U3272	1
U2821	U3503	2
U2821	U35416	1
U2821	U3545	1
U2821	U9658	1
U2821	U9776	1
U2833	U6794	1
U2837	U2837	4
U2837	U290	2
U284	U284	2
U284	U318	1
U284	U35353	1
U284	U5690	1
U2841	U11142	1
U2841	U12987	1
U2841	U14079	1
U2841	U1409	1
U2841	U15934	1
U2841	U16046	1
U2841	U16876	2
U2841	U17218	1
U2841	U2035	1
U2841	U2530	1
U2841	U2841	8
U2841	U290	2
U2841	U302	1
U2841	U344	1
U2841	U3696	1
U2841	U39742	2
U2841	U4002	1
U2841	U450	2
U2841	U4528	1
U2841	U5952	1
U2841	U6500	1
U2841	U6794	1
U2841	U7949	1
U2841	U812	1
U2841	U9564	1
U2841	U9947	1
U2874	U1107	1
U2874	U11786	2
U2874	U13625	1
U2874	U1384	1
U2874	U14689	1
U2874	U16046	4
U2874	U2874	3
U2874	U344	1
U2874	U36814	3
U2874	U4	1
U2874	U5482	1
U2874	U5756	1
U2893	U2893	1
U290	U1074	1
U290	U11142	1
U290	U11504	2
U290	U12135	1
U290	U1223	1
U290	U12482	1
U290	U1306	1
U290	U13175	1
U290	U1358	1
U290	U1492	1
U290	U15054	1
U290	U15629	2
U290	U15765	1
U290	U16578	2
U290	U16876	1
U290	U16877	1
U290	U16927	1
U290	U16996	1
U290	U17009	1
U290	U17106	1
U290	U17261	1
U290	U1898	1
U290	U2384	1
U290	U2841	2
U290	U290	7
U290	U297	1
U290	U4987	1
U290	U5017	1
U290	U5756	2
U290	U5810	1
U290	U7150	1
U290	U78	2
U290	U8430	4
U290	U8547	1
U290	U8574	1
U290	U9072	1
U290	U9417	1
U2906	U12617	1
U2926	U12357	1
U2926	U13027	1
U2926	U1355	1
U2926	U14251	1
U2926	U14689	1
U2926	U14969	2
U2926	U15934	1
U2926	U16888	3
U2926	U16944	1
U2926	U16989	1
U2926	U20038	1
U2926	U290	2
U2926	U2926	2
U2926	U317	1
U2926	U35833	1
U2926	U3993	1
U2926	U7093	1
U2926	U7150	1
U2926	U7193	1
U2926	U7311	1
U2926	U8430	3
U2926	U9417	1
U2944	U1464	1
U2954	U1131	2
U2954	U14689	1
U2954	U15192	6
U2954	U16888	1
U2954	U16957	3
U2954	U16981	1
U2954	U17157	1
U2954	U17192	1
U2954	U17300	1
U2954	U2389	2
U2954	U2954	1
U2954	U3248	1
U2954	U4558	1
U2968	U16883	1
U2968	U2968	1
U2968	U6094	1
U297	U10930	1
U297	U11765	3
U297	U12914	1
U297	U14094	1
U297	U14450	1
U297	U16931	2
U297	U16951	1
U297	U17053	1
U297	U17119	1
U297	U17175	2
U297	U17218	2
U297	U17309	1
U297	U17367	1
U297	U17477	1
U297	U2530	1
U297	U2821	1
U297	U297	7
U297	U3503	1
U297	U3521	1
U297	U35416	1
U297	U3709	1
U297	U3891	1
U297	U4333	2
U297	U7313	1
U297	U8382	1
U297	U9947	2
U299	U2874	1
U299	U299	1
U299	U4707	1
U3	U14969	1
U3	U16985	1
U303	U10366	1
U3041	U290	1
U3077	U1050	1
U3077	U2305	1
U3077	U297	1
U3077	U3077	1
U3077	U9025	1
U3097	U3097	1
U3106	U1492	3
U3106	U16887	2
U3106	U16927	1
U3106	U1946	1
U3106	U2051	1
U3106	U290	1
U3106	U35416	1
U3106	U437	1
U3106	U5017	1
U3106	U5970	1
U3106	U6153	1
U3106	U6950	1
U3106	U7294	1
U3106	U9072	1
U3106	U9534	1
U3108	U2669	1
U3132	U3132	1
U3132	U35416	1
U3132	U4494	2
U3132	U5267	1
U3132	U6827	1
U3160	U2642	1
U3160	U3160	2
U317	U17175	1
U317	U317	1
U318	U17112	1
U318	U17233	1
U318	U318	1
U3183	U11115	1
U3183	U3603	1
U3183	U6794	1
U3199	U1459	1
U3199	U5970	1
U3206	U10920	1
U3206	U11142	2
U3206	U1172	1
U3206	U13602	1
U3206	U13625	5
U3206	U14233	1
U3206	U14450	2
U3206	U14830	2
U3206	U15192	1
U3206	U15735	2
U3206	U16007	2
U3206	U16686	1
U3206	U16944	1
U3206	U16985	1
U3206	U17008	1
U3206	U17015	2
U3206	U17073	1
U3206	U17089	1
U3206	U17099	1
U3206	U17157	1
U3206	U17164	2
U3206	U17188	2
U3206	U17273	1
U3206	U17325	1
U3206	U17332	1
U3206	U17345	3
U3206	U17360	1
U3206	U17366	3
U3206	U17391	1
U3206	U238	2
U3206	U2384	2
U3206	U2672	1
U3206	U2784	3
U3206	U2821	1
U3206	U3077	1
U3206	U3206	10
U3206	U3384	1
U3206	U3400	1
U3206	U3402	3
U3206	U3621	3
U3206	U3676	1
U3206	U36814	2
U3206	U3993	2
U3206	U431	2
U3206	U4423	1
U3206	U4535	1
U3206	U454	2
U3206	U5442	1
U3206	U5970	1
U3206	U6043	2
U3206	U6094	7
U3206	U6794	3
U3206	U6976	1
U3206	U8133	1
U3206	U9025	3
U3206	U9072	1
U3206	U9197	2
U3206	U9672	1
U321	U3891	1
U321	U4821	1
U321	U6209	1
U3233	U3233	1
U3233	U4428	1
U3248	U16937	1
U327	U35416	1
U3272	U1149	2
U3272	U1266	2
U3272	U1409	1
U3272	U15478	5
U3272	U9206	1
U3324	U1131	1
U3324	U11919	3
U3324	U12135	1
U3324	U1345	2
U3324	U14424	2
U3324	U15915	1
U3324	U16888	3
U3324	U16941	1
U3324	U16944	2
U3324	U16985	1
U3324	U17007	1
U3324	U17030	2
U3324	U17053	2
U3324	U17164	1
U3324	U17273	1
U3324	U17301	1
U3324	U17325	1
U3324	U17345	1
U3324	U17417	1
U3324	U17489	3
U3324	U290	1
U3324	U3324	5
U3324	U3402	1
U3324	U3621	1
U3324	U6094	1
U3324	U6254	3
U3324	U6756	1
U3324	U7144	2
U3324	U8382	5
U3324	U8430	2
U3333	U11417	1
U3333	U14830	3
U3333	U3333	2
U3375	U6094	2
U3384	U11765	1
U3384	U12481	2
U3384	U14830	2
U3384	U3384	1
U3384	U431	1
U3396	U1784	1
U3400	U3400	1
U3402	U10920	2
U3402	U11142	2
U3402	U12481	1
U3402	U16033	1
U3402	U16178	1
U3402	U17008	1
U3402	U17074	1
U3402	U1946	1
U3402	U2384	1
U3402	U2784	2
U3402	U3097	1
U3402	U3206	2
U3402	U3402	8
U3402	U3621	2
U3402	U6950	1
U3402	U6976	1
U3402	U8140	1
U3402	U9025	1
U3402	U9544	1
U343	U10443	1
U344	U1	2
U344	U13707	1
U344	U16876	1
U344	U17280	1
U344	U344	5
U344	U370	3
U344	U391	2
U344	U4144	1
U344	U450	3
U344	U7721	1
U3473	U3473	1
U3473	U402	1
U3485	U2579	1
U3485	U391	1
U3485	U5482	1
U3493	U13625	2
U3493	U14830	1
U3493	U17073	1
U3493	U17472	1
U3493	U17489	1
U3493	U2530	1
U3493	U3206	2
U3493	U3493	2
U3493	U3621	1
U3493	U6094	1
U3493	U8547	2
U3493	U9197	1
U3502	U10217	1
U3502	U14969	1
U3502	U17345	2
U3502	U17360	1
U3502	U17456	1
U3502	U3206	2
U3502	U3502	2
U3502	U454	1
U3503	U10443	1
U3503	U11765	1
U3503	U1266	1
U3503	U1409	1
U3503	U14830	1
U3503	U16556	1
U3503	U17010	1
U3503	U17200	2
U3503	U2841	1
U3503	U297	1
U3503	U3503	2
U3521	U1	1
U3521	U12390	1
U3521	U12914	1
U3521	U14199	1
U3521	U14514	1
U3521	U16751	1
U3521	U16876	3
U3521	U17385	2
U3521	U2349	3
U3521	U297	2
U3521	U3521	3
U3521	U622	1
U3521	U9947	1
U3525	U5513	2
U353	U10366	1
U353	U11142	1
U353	U11504	1
U353	U11825	1
U353	U13825	1
U353	U14091	1
U353	U15898	1
U353	U16114	1
U353	U1650	1
U353	U16750	3
U353	U16937	1
U353	U17000	1
U353	U17255	1
U353	U238	1
U353	U2384	5
U353	U353	1
U353	U3684	1
U353	U431	1
U353	U5896	1
U353	U6094	1
U353	U9062	1
U353	U9197	1
U3532	U8430	1
U35353	U1345	1
U35353	U17448	1
U35353	U35353	1
U35353	U5177	1
U35353	U6355	1
U35353	U6500	1
U35357	U13707	1
U35357	U16887	1
U35357	U454	1
U35357	U4953	1
U35416	U10266	1
U35416	U11928	1
U35416	U14450	3
U35416	U16864	1
U35416	U17218	1
U35416	U3132	2
U35416	U35416	5
U35416	U406	2
U35416	U9072	3
U3545	U297	1
U3545	U3545	2
U3546	U10867	1
U3546	U1266	1
U3546	U14551	1
U3546	U317	2
U35575	U13972	1
U35575	U17391	1
U3560	U2621	1
U3560	U3560	1
U35833	U16578	1
U35833	U16985	1
U35833	U17265	1
U35833	U2837	1
U35833	U344	1
U35833	U35833	1
U35833	U4177	1
U35833	U5690	1
U35833	U6856	1
U35833	U8430	1
U35840	U13070	1
U35840	U15934	2
U35840	U17115	1
U35840	U17203	1
U35840	U17378	1
U35840	U35840	2
U35840	U6976	1
U360	U17260	1
U360	U6646	1
U360	U6936	2
U360	U6976	1
U36108	U11504	1
U36108	U16048	1
U36108	U16985	1
U3621	U11142	1
U3621	U16729	1
U3621	U16947	3
U3621	U1946	2
U3621	U3621	10
U3621	U3684	1
U3621	U766	1
U3621	U9269	1
U3632	U3384	1
U3632	U3632	1
U3634	U1946	1
U3635	U16862	1
U3641	U13268	3
U3641	U3641	1
U3659	U11919	1
U3659	U16389	1
U3659	U16931	1
U36814	U10265	2
U36814	U12205	1
U36814	U14497	1
U36814	U16046	1
U36814	U17023	1
U36814	U2622	3
U36814	U2874	1
U36814	U36814	18
U36814	U5751	1
U36814	U7949	1
U36814	U8430	1
U3684	U1074	1
U3684	U10920	1
U3684	U12489	1
U3684	U1358	1
U3684	U1409	1
U3684	U14689	1
U3684	U15898	1
U3684	U16007	1
U3684	U16048	1
U3684	U1657	1
U3684	U16578	1
U3684	U16855	1
U3684	U16859	1
U3684	U16888	1
U3684	U16929	1
U3684	U16960	2
U3684	U17007	1
U3684	U17008	2
U3684	U17035	1
U3684	U17039	1
U3684	U17086	1
U3684	U17089	1
U3684	U17099	1
U3684	U17157	2
U3684	U17417	1
U3684	U17500	3
U3684	U2011	1
U3684	U2384	4
U3684	U3097	2
U3684	U3206	1
U3684	U3402	3
U3684	U3503	1
U3684	U3621	4
U3684	U6094	1
U3684	U9626	1
U3698	U16800	1
U370	U17175	1
U370	U370	3
U370	U4144	1
U370	U519	2
U370	U5756	1
U37021	U8932	2
U3709	U3709	1
U3753	U2083	1
U3753	U8621	1
U3755	U17396	1
U3757	U3757	1
U3759	U16876	1
U3806	U1587	1
U3806	U15934	1
U3806	U6976	4
U3806	U74492	1
U381	U16882	1
U381	U3473	1
U381	U78	1
U3816	U5896	1
U3818	U4479	1
U3818	U586	1
U3818	U6858	1
U3837	U2837	1
U3837	U3837	1
U3874	U17121	1
U3874	U17277	1
U3874	U4177	1
U3891	U297	2
U3891	U321	1
U3891	U391	1
U3901	U16877	1
U3901	U17047	1
U3901	U2039	1
U3901	U3901	1
U3901	U8103	1
U3902	U10503	1
U3902	U11142	1
U3902	U1450	2
U3902	U290	2
U3902	U2954	1
U3902	U6500	1
U3902	U9417	2
U3909	U1148	1
U3909	U16953	1
U391	U10366	1
U391	U1409	1
U391	U15735	1
U391	U16048	1
U391	U16750	3
U391	U16876	1
U391	U17350	1
U391	U17360	2
U391	U17486	1
U391	U3891	1
U391	U391	3
U391	U4008	1
U391	U4721	1
U391	U519	1
U391	U9904	1
U394	U10350	1
U394	U11142	2
U394	U14517	1
U394	U16578	4
U394	U16659	1
U394	U16750	1
U394	U16767	1
U394	U17267	1
U394	U1832	1
U394	U4721	1
U394	U51	1
U394	U5177	1
U394	U6032	2
U394	U6269	1
U3948	U12617	1
U3948	U13972	1
U3948	U14039	1
U3948	U16941	1
U3948	U17125	1
U3948	U17384	1
U3948	U17388	1
U3948	U4832	1
U3948	U5896	2
U3948	U6094	2
U3948	U613	1
U3948	U6258	1
U3948	U7294	3
U3948	U824	2
U3958	U6976	1
U396	U17324	1
U396	U22	4
U396	U396	5
U396	U5690	1
U39742	U39742	2
U3983	U1580	1
U3983	U16883	1
U3983	U16937	1
U3983	U17009	1
U3983	U17128	2
U3983	U17146	1
U3983	U17261	2
U3983	U3983	3
U3983	U6756	1
U3992	U14689	1
U3992	U17360	1
U3992	U3992	1
U3993	U2926	2
U3993	U3993	7
U3995	U391	1
U3996	U13782	1
U3996	U15882	1
U3996	U16832	1
U3996	U17092	1
U3996	U17309	1
U3996	U17363	1
U3996	U3996	2
U3996	U4096	1
U3996	U4333	1
U3996	U6094	1
U4	U11926	2
U4	U4	3
U4	U431	1
U4008	U1095	1
U4008	U1310	1
U4008	U13488	2
U4008	U13707	1
U4008	U16185	1
U4008	U16876	2
U4008	U17356	1
U4008	U17420	1
U4008	U2530	1
U4008	U4008	6
U4008	U5094	1
U4008	U5337	2
U4008	U6254	1
U4008	U6522	1
U4008	U8103	2
U4008	U83	1
U4008	U9096	1
U4008	U9449	1
U4008	U9658	1
U402	U11142	1
U402	U13027	1
U402	U16980	2
U402	U402	1
U402	U5690	2
U402	U6269	1
U4042	U7150	1
U4053	U10072	2
U4053	U15597	1
U406	U10779	1
U406	U36814	1
U406	U406	1
U408	U5534	1
U408	U6227	2
U4085	U382	1
U4086	U1532	1
U4086	U4086	4
U4086	U6794	2
U4087	U16985	1
U4087	U4087	2
U4087	U6856	1
U4096	U17309	1
U4096	U4096	5
U4096	U7666	1
U4106	U942	1
U4133	U1478	1
U4144	U10610	2
U4144	U1095	1
U4144	U11705	1
U4144	U11765	6
U4144	U13265	1
U4144	U13707	1
U4144	U1409	2
U4144	U15852	1
U4144	U16048	1
U4144	U16183	1
U4144	U1648	2
U4144	U16635	1
U4144	U16876	3
U4144	U16985	1
U4144	U17119	3
U4144	U17143	2
U4144	U17304	1
U4144	U17449	2
U4144	U17453	1
U4144	U17462	1
U4144	U17495	2
U4144	U2348	1
U4144	U2579	2
U4144	U344	3
U4144	U3521	1
U4144	U4144	4
U4144	U4177	1
U4144	U4621	2
U4144	U519	2
U4144	U5756	2
U4144	U83	1
U4144	U9800	1
U4149	U3503	1
U4167	U4167	2
U4177	U11540	1
U4177	U13441	1
U4177	U1384	1
U4177	U14497	1
U4177	U14517	1
U4177	U14802	1
U4177	U16556	1
U4177	U16888	1
U4177	U16931	2
U4177	U16941	1
U4177	U16960	1
U4177	U16969	1
U4177	U16981	1
U4177	U17007	1
U4177	U17011	1
U4177	U17022	1
U4177	U17121	1
U4177	U17175	1
U4177	U17267	1
U4177	U2672	1
U4177	U3206	1
U4177	U3621	1
U4177	U4177	4
U4177	U4790	2
U4177	U5482	1
U4177	U8382	1
U4177	U8430	2
U4177	U8528	1
U4177	U8769	2
U4177	U9417	1
U4177	U943	2
U4180	U11926	1
U4180	U13441	1
U4180	U16855	1
U4180	U16858	2
U4180	U16951	1
U4180	U2841	1
U4180	U4180	12
U4180	U5744	1
U4180	U7060	1
U4194	U1202	1
U4194	U8103	1
U4231	U11877	1
U4231	U12832	1
U4231	U14653	1
U4231	U15934	1
U4231	U16578	1
U4231	U16862	1
U4231	U2669	1
U4231	U4745	1
U4231	U66	2
U424	U16750	1
U424	U17492	1
U425	U11504	1
U425	U11765	1
U425	U2698	1
U425	U425	2
U425	U7103	1
U4281	U16916	1
U4304	U11504	1
U4304	U12489	1
U4304	U12695	1
U4304	U1465	6
U4304	U35353	4
U4304	U6032	1
U4304	U6258	1
U4304	U78	1
U4304	U9915	1
U43085	U43085	1
U431	U13265	1
U431	U3384	2
U431	U353	1
U431	U3621	1
U431	U4	10
U431	U431	6
U431	U4639	7
U431	U8419	1
U4312	U11072	2
U4312	U11142	1
U4312	U15856	1
U4312	U16007	1
U4312	U16033	1
U4312	U16767	1
U4312	U17327	1
U4312	U4312	1
U4312	U6043	1
U4312	U8769	1
U4333	U16876	1
U4333	U17385	1
U4333	U2290	3
U4333	U297	2
U4333	U4333	3
U4333	U7460	1
U4345	U14319	1
U4345	U17214	1
U4354	U16934	1
U4354	U17512	1
U4354	U8794	1
U4362	U13356	1
U4362	U16767	1
U4362	U16981	2
U4362	U17261	1
U4362	U4362	2
U4362	U4621	1
U4373	U17426	1
U439	U2454	1
U439	U439	2
U439	U943	1
U4398	U15629	1
U440	U16959	1
U440	U8430	1
U4402	U2510	1
U4428	U10930	1
U4428	U2454	1
U4428	U3233	1
U447	U447	1
U4479	U3818	1
U4494	U3132	1
U4494	U4494	2
U45	U12705	1
U45	U14039	2
U45	U14941	1
U45	U1573	1
U45	U15933	4
U45	U16048	4
U45	U17306	1
U45	U17486	1
U45	U2926	1
U45	U391	3
U45	U3993	2
U45	U45	3
U450	U11398	1
U450	U11786	1
U450	U16876	1
U450	U17220	1
U450	U17280	1
U450	U17462	2
U450	U2083	1
U450	U3525	1
U450	U4087	1
U450	U450	6
U450	U5513	2
U451	U13139	1
U451	U2557	1
U4528	U4528	1
U454	U11142	2
U454	U1358	3
U454	U14497	1
U454	U14653	3
U454	U16793	1
U454	U16887	1
U454	U16888	1
U454	U16923	1
U454	U17011	2
U454	U17082	1
U454	U17161	2
U454	U17300	1
U454	U17360	1
U454	U2784	1
U454	U2874	1
U454	U3532	1
U454	U36814	1
U454	U4087	1
U454	U4362	1
U454	U450	1
U454	U454	1
U454	U5016	2
U454	U5017	1
U454	U5810	1
U454	U5822	1
U454	U6858	1
U454	U733	1
U454	U7710	1
U454	U7949	1
U454	U8133	1
U454	U8375	3
U454	U8430	3
U454	U8547	2
U454	U9896	1
U4542	U17188	2
U4556	U17476	1
U4558	U16959	3
U4558	U4558	1
U4558	U942	1
U460	U2083	2
U460	U3521	1
U460	U3901	1
U460	U9947	2
U4621	U4621	1
U4622	U1832	1
U4625	U22	1
U4625	U78	1
U4625	U943	1
U4639	U11765	1
U4639	U13441	1
U4639	U3545	1
U4639	U431	1
U4639	U4639	4
U4639	U5394	1
U4639	U7307	1
U4639	U8032	2
U4659	U2454	3
U4661	U11142	1
U4661	U13932	1
U4661	U14551	1
U4661	U15192	8
U4661	U17300	1
U4661	U4661	2
U4661	U5810	3
U4661	U9025	4
U4661	U9118	1
U4678	U16578	1
U4685	U1384	1
U4685	U14450	1
U4700	U4700	1
U4706	U6789	1
U4709	U416	1
U4709	U7031	1
U4710	U1594	1
U4710	U4710	1
U4717	U14517	1
U4720	U14830	2
U4720	U17489	1
U4720	U4087	2
U4720	U450	1
U4720	U4720	2
U4720	U6094	2
U4720	U9896	1
U4721	U10366	1
U4721	U10503	2
U4721	U10779	2
U4721	U1310	1
U4721	U13218	1
U4721	U1409	1
U4721	U1459	1
U4721	U16767	1
U4721	U16876	1
U4721	U17246	1
U4721	U17267	4
U4721	U17304	4
U4721	U17435	1
U4721	U2035	1
U4721	U2384	1
U4721	U2926	1
U4721	U4721	6
U4721	U5659	2
U4721	U6205	1
U4721	U661	1
U4721	U7460	3
U4721	U8547	1
U4753	U1946	1
U4760	U11142	1
U4790	U11765	1
U4790	U121	1
U4790	U391	1
U4790	U4177	2
U4790	U431	1
U4790	U4790	2
U4790	U6522	1
U4790	U6772	3
U4790	U7	1
U4794	U13964	1
U4794	U17280	1
U4794	U5513	1
U4832	U2363	1
U49	U4177	1
U49	U49	1
U49	U8547	1
U4910	U14969	1
U4910	U4910	1
U4910	U6976	1
U492	U492	1
U492	U6278	1
U492	U6522	1
U4953	U6005	1
U4953	U6858	1
U4961	U1148	1
U4961	U12617	1
U4961	U1465	1
U4961	U5016	1
U4971	U10366	1
U4971	U10839	1
U4987	U11016	1
U4987	U8430	2
U4991	U16684	1
U5000	U416	1
U5016	U454	1
U5016	U5016	1
U5017	U5017	2
U5045	U12858	1
U5081	U622	2
U5091	U10920	1
U5091	U1459	1
U5091	U16888	1
U5091	U3402	2
U5094	U2083	2
U51	U10350	1
U51	U8508	1
U5152	U5152	1
U5177	U1532	1
U5177	U35353	1
U5177	U5177	5
U5177	U5690	1
U519	U1	1
U519	U10610	3
U519	U11398	1
U519	U11765	6
U519	U12402	1
U519	U12914	1
U519	U15478	1
U519	U16409	1
U519	U16876	2
U519	U17057	1
U519	U17160	1
U519	U17220	2
U519	U17235	1
U519	U17314	1
U519	U17326	1
U519	U2290	1
U519	U2348	3
U519	U2579	1
U519	U344	2
U519	U370	1
U519	U4096	2
U519	U4144	1
U519	U4333	3
U519	U519	10
U519	U5337	5
U519	U5756	1
U519	U9449	1
U519	U9658	1
U5199	U1131	1
U5199	U12705	1
U5199	U5199	2
U5199	U6794	1
U5259	U2035	2
U5259	U8103	1
U5259	U8621	2
U5259	U9947	1
U5267	U10266	2
U5267	U10920	1
U5267	U11765	1
U5267	U14450	1
U5267	U16931	2
U5267	U2384	3
U5267	U2821	1
U5267	U297	1
U5267	U3132	2
U5267	U35416	1
U5267	U5267	1
U5267	U6043	3
U5267	U6756	1
U5267	U6827	3
U5267	U9025	1
U5267	U9072	1
U5323	U5323	1
U5323	U6976	1
U5339	U3969	1
U5340	U1946	1
U5371	U16951	1
U5378	U17071	1
U5378	U5378	1
U5394	U10194	1
U5420	U14517	1
U5442	U12806	1
U5442	U1492	2
U5442	U17106	1
U5442	U5442	4
U5442	U6794	1
U5442	U8547	2
U5442	U9896	1
U5513	U15783	1
U5513	U16673	1
U5513	U3525	1
U5513	U35416	2
U5513	U5513	2
U5516	U17280	2
U5516	U17294	2
U5516	U9947	1
U5534	U17111	1
U5534	U408	1
U5538	U2356	1
U5542	U8176	1
U5583	U3332	1
U5583	U4558	1
U5583	U5810	1
U5584	U6094	1
U5628	U1131	1
U5659	U17125	1
U5659	U17143	1
U5659	U17304	1
U5659	U3996	1
U5659	U5659	1
U5659	U5709	1
U5690	U1345	2
U5690	U1358	1
U5690	U14497	1
U5690	U1492	2
U5690	U16887	1
U5690	U16985	1
U5690	U17050	1
U5690	U17057	1
U5690	U17089	1
U5690	U17283	2
U5690	U17360	1
U5690	U17422	1
U5690	U284	3
U5690	U2841	1
U5690	U290	1
U5690	U2926	1
U5690	U3473	1
U5690	U3806	1
U5690	U394	1
U5690	U4910	1
U5690	U5177	2
U5690	U5690	4
U5690	U8452	1
U5701	U11028	1
U5701	U17164	1
U5709	U17304	1
U5709	U3248	1
U5709	U5810	3
U5714	U9947	1
U5740	U2669	1
U5740	U3755	1
U5744	U11919	1
U5744	U1384	2
U5744	U17169	1
U5744	U2024	2
U5744	U4180	2
U5744	U5744	2
U5751	U36814	1
U5751	U3757	1
U5751	U4087	1
U5751	U5751	2
U5756	U2874	1
U5756	U4790	1
U5756	U519	1
U5756	U5744	1
U5756	U5756	2
U5784	U15192	1
U5784	U17157	2
U5784	U2011	1
U5810	U1358	1
U5810	U15385	1
U5810	U16323	2
U5810	U16711	1
U5810	U16750	2
U5810	U16774	1
U5810	U16884	1
U5810	U16944	1
U5810	U17164	2
U5810	U3621	4
U5810	U4008	1
U5810	U4177	1
U5810	U5810	7
U5810	U6094	2
U5810	U7144	1
U5810	U7743	2
U5810	U9072	1
U5810	U9269	6
U582	U2669	1
U582	U284	1
U582	U6522	1
U582	U78	2
U5822	U16698	1
U5849	U16989	1
U5849	U1946	1
U5849	U5849	2
U586	U13175	1
U586	U1358	2
U586	U1441	1
U586	U14969	1
U586	U1508	1
U586	U17009	3
U586	U17489	1
U586	U3818	1
U586	U4048	1
U586	U4528	2
U586	U4987	2
U586	U5690	2
U586	U5756	2
U586	U586	6
U586	U6794	1
U586	U8430	2
U586	U8508	4
U586	U8547	2
U586	U9800	2
U5883	U16033	1
U5883	U5017	2
U5896	U13426	1
U5896	U17323	1
U5896	U5896	4
U5896	U7193	1
U5917	U1176	1
U5917	U13475	6
U5963	U14424	1
U5963	U16934	1
U5963	U3324	1
U5963	U5963	1
U5963	U8430	1
U5963	U8799	1
U5965	U16622	1
U5970	U5970	3
U5973	U12695	1
U6005	U121	1
U6005	U14830	1
U6005	U6005	1
U6005	U6936	1
U6013	U6013	1
U6032	U16578	3
U6032	U17265	1
U6032	U290	3
U6032	U6032	2
U6035	U6035	1
U6043	U14689	2
U6043	U16855	1
U6043	U17039	1
U6043	U6043	6
U605	U11028	1
U6084	U1464	1
U6084	U17016	1
U6085	U15915	1
U6085	U16989	2
U6085	U6085	2
U6085	U7206	1
U6085	U8133	1
U6085	U8382	1
U6085	U9269	1
U6094	U12120	1
U6094	U13223	1
U6094	U13650	1
U6094	U15837	2
U6094	U1587	2
U6094	U17030	1
U6094	U17073	1
U6094	U17325	2
U6094	U17332	1
U6094	U17345	1
U6094	U17453	1
U6094	U2384	4
U6094	U2968	1
U6094	U3206	1
U6094	U353	2
U6094	U3684	2
U6094	U3909	1
U6094	U454	1
U6094	U4720	1
U6094	U5740	1
U6094	U5810	1
U6094	U6094	11
U6094	U6794	1
U6096	U17181	1
U6101	U1050	1
U6101	U11919	1
U6101	U13707	1
U6101	U1441	1
U6101	U1459	1
U6101	U16537	2
U6101	U16881	1
U6101	U17049	1
U6101	U17060	1
U6101	U17261	1
U6101	U17361	1
U6101	U17362	1
U6101	U17367	1
U6101	U238	2
U6101	U2384	1
U6101	U2510	1
U6101	U3983	2
U6101	U45	1
U6101	U6101	3
U6101	U6206	1
U6101	U766	1
U6101	U812	1
U6101	U8375	3
U6101	U913	1
U6101	U936	1
U613	U1044	1
U613	U11142	1
U613	U13426	5
U613	U1516	2
U613	U15856	3
U613	U16183	1
U613	U16659	1
U613	U16944	1
U613	U17110	1
U613	U17204	1
U613	U17267	3
U613	U17304	1
U613	U17384	1
U613	U17486	1
U613	U5016	1
U613	U586	2
U613	U613	3
U613	U7120	1
U613	U8799	1
U6151	U8133	1
U6153	U10696	1
U6153	U16767	1
U6153	U16887	1
U6153	U6153	1
U6183	U66	1
U6205	U13782	2
U6205	U17233	1
U6205	U6205	3
U6206	U416	1
U6206	U7949	1
U6210	U6210	2
U6214	U4144	1
U6214	U9163	1
U6227	U14094	1
U6227	U6227	1
U6249	U468	1
U6254	U121	3
U6254	U1345	4
U6254	U16876	2
U6254	U6254	5
U6258	U6258	2
U6262	U1459	1
U6262	U16923	1
U6262	U17161	1
U6262	U4086	1
U6262	U6262	1
U6269	U14517	1
U6269	U14653	2
U6269	U16887	1
U6269	U3502	2
U6269	U3537	1
U6269	U8430	1
U6278	U12617	1
U6278	U16969	1
U6278	U492	2
U6278	U6278	2
U6278	U6522	1
U6307	U8133	1
U6316	U10206	1
U6316	U1050	2
U6316	U11142	1
U6316	U13972	1
U6316	U1459	3
U6316	U14830	8
U6316	U15192	3
U6316	U16855	1
U6316	U16957	2
U6316	U16985	1
U6316	U16994	1
U6316	U17011	1
U6316	U4087	2
U6316	U577	1
U6316	U6316	3
U6316	U7743	1
U6316	U8133	1
U6316	U8430	2
U6316	U9197	1
U6348	U16876	1
U6355	U35353	2
U6355	U6355	1
U6430	U2348	1
U6461	U1074	1
U6461	U4558	1
U6481	U12135	1
U6485	U14899	1
U6485	U14969	1
U6485	U17098	1
U6485	U6485	2
U6485	U6976	1
U6500	U14091	1
U6500	U6500	1
U6500	U8008	1
U6503	U1392	1
U6506	U6506	1
U6521	U17435	1
U6522	U1107	1
U6522	U17350	1
U6522	U2579	1
U6522	U4008	1
U6522	U4790	1
U6522	U492	3
U6522	U6278	1
U6522	U6522	3
U6522	U6772	1
U6522	U8430	1
U6545	U13707	1
U6545	U16323	1
U6545	U17486	1
U66	U15629	1
U66	U15735	2
U66	U15934	1
U66	U17489	1
U66	U2669	1
U661	U14517	1
U6646	U17047	1
U6646	U6646	2
U6646	U78	1
U6647	U11115	1
U6647	U1459	1
U6647	U15994	1
U6647	U16007	1
U6647	U2000	1
U6647	U3692	1
U6647	U6794	1
U6666	U12832	5
U6666	U1573	1
U6666	U17267	1
U6666	U17399	1
U6666	U6666	4
U6666	U7313	1
U6666	U9800	1
U6670	U2555	1
U6753	U17467	2
U6753	U3901	1
U6753	U6753	1
U6756	U16389	1
U6756	U6756	1
U6756	U9199	1
U6768	U17265	3
U6772	U4790	1
U6781	U15192	1
U6787	U1492	2
U6787	U16554	1
U6787	U17261	1
U6787	U17451	1
U6787	U6787	1
U6787	U6794	2
U6789	U17327	2
U6789	U17337	1
U6789	U6789	5
U6794	U11072	1
U6794	U11081	1
U6794	U13145	1
U6794	U14689	1
U6794	U15934	1
U6794	U16048	1
U6794	U16793	1
U6794	U16939	1
U6794	U17022	1
U6794	U17143	1
U6794	U17164	1
U6794	U17273	1
U6794	U17327	2
U6794	U17332	1
U6794	U17348	1
U6794	U17394	1
U6794	U17451	1
U6794	U17464	1
U6794	U1946	3
U6794	U2000	3
U6794	U22	1
U6794	U238	1
U6794	U2672	2
U6794	U3183	2
U6794	U4086	3
U6794	U4721	1
U6794	U5199	2
U6794	U5442	1
U6794	U6094	1
U6794	U6316	1
U6794	U6647	1
U6794	U6794	10
U6794	U7206	2
U6794	U7409	1
U6794	U7934	1
U6794	U8382	2
U6794	U8547	5
U6794	U936	1
U6827	U15887	2
U6827	U17435	1
U6827	U2384	1
U6827	U3132	1
U6827	U35416	2
U6827	U6827	1
U6835	U3623	1
U6856	U1946	1
U6856	U6856	1
U6858	U6858	1
U6858	U8430	1
U6862	U14689	1
U6862	U14976	1
U6871	U1648	2
U6871	U17069	1
U6871	U3545	1
U6871	U424	1
U6871	U4362	1
U6872	U8103	1
U6882	U16927	2
U6936	U10366	1
U6936	U16920	1
U6936	U17260	1
U6936	U2039	1
U6936	U6936	4
U6936	U7721	1
U6950	U1061	1
U6950	U13070	1
U6950	U15192	4
U6950	U16887	2
U6950	U16985	1
U6950	U425	1
U6950	U6035	1
U6950	U6950	3
U6953	U11919	1
U6976	U11142	2
U6976	U12806	1
U6976	U13070	1
U6976	U1465	1
U6976	U15770	1
U6976	U15934	1
U6976	U16862	1
U6976	U16887	3
U6976	U16985	3
U6976	U17377	1
U6976	U17378	1
U6976	U17451	1
U6976	U17489	1
U6976	U353	1
U6976	U35353	1
U6976	U3806	1
U6976	U3958	1
U6976	U3969	1
U6976	U431	1
U6976	U4910	1
U6976	U5323	1
U6976	U6500	1
U6976	U6976	21
U6976	U7110	1
U6976	U7307	1
U6986	U12482	1
U6986	U16048	2
U6986	U16578	2
U6986	U16876	1
U6986	U284	1
U6986	U290	3
U7001	U15478	1
U7001	U16951	1
U703	U11877	1
U703	U16007	1
U703	U17265	1
U703	U703	2
U7031	U17453	1
U7031	U3992	1
U7060	U4180	1
U7060	U7060	1
U7076	U16007	1
U7076	U1703	2
U7093	U3993	1
U7093	U7093	2
U7103	U425	1
U7103	U7103	3
U7120	U2938	1
U7120	U613	2
U7139	U1149	1
U7144	U3324	1
U7150	U2926	2
U7150	U6789	2
U7193	U10011	1
U7193	U1459	2
U7193	U16981	1
U7193	U17472	2
U7193	U2841	1
U7193	U36814	1
U7193	U4281	1
U7193	U4362	1
U7193	U766	1
U7193	U8799	2
U7206	U1149	1
U7206	U16989	2
U7206	U17161	1
U7206	U17396	1
U7206	U1946	4
U7206	U6794	2
U7206	U7206	1
U7294	U6953	1
U7294	U824	1
U7307	U1335	2
U7307	U1345	1
U7307	U4639	1
U7307	U6976	1
U7307	U7307	1
U7311	U4721	1
U7311	U7311	1
U7311	U8430	1
U7313	U15629	2
U7313	U297	1
U7313	U7313	2
U732	U16767	1
U732	U17047	1
U732	U732	1
U733	U10503	1
U733	U12705	1
U733	U15054	1
U733	U16801	1
U733	U17391	1
U733	U733	1
U7392	U1050	1
U7392	U12120	1
U7392	U12366	1
U7392	U14653	1
U7392	U15887	2
U7392	U17069	1
U7392	U1840	1
U7392	U4832	1
U7392	U8382	1
U7399	U15882	2
U7399	U16969	3
U7399	U3233	1
U7399	U9947	1
U7409	U6794	1
U7437	U36108	1
U7437	U36814	1
U7442	U3272	1
U74492	U74492	4
U745	U1	1
U745	U3993	1
U7458	U17164	1
U7458	U7458	1
U7458	U8430	1
U7460	U11705	3
U7460	U11926	2
U7460	U13265	1
U7460	U1409	2
U7460	U16409	2
U7460	U16876	4
U7460	U16959	1
U7460	U16985	1
U7460	U17081	1
U7460	U17220	1
U7460	U17309	1
U7460	U297	1
U7460	U3996	1
U7460	U4144	1
U7460	U4333	2
U7460	U454	1
U7460	U5177	1
U7460	U519	1
U7460	U7460	14
U7460	U9141	1
U7460	U9947	4
U750	U750	3
U7507	U11926	2
U7507	U12705	1
U7507	U17398	1
U7507	U2784	1
U7507	U7507	1
U7507	U8133	1
U7507	U9544	1
U7521	U17446	1
U7521	U1946	2
U763	U1358	1
U763	U13736	2
U763	U14024	1
U763	U14497	2
U763	U15735	2
U763	U15915	2
U763	U16048	6
U763	U16537	1
U763	U16578	2
U763	U16639	1
U763	U16750	2
U763	U16858	1
U763	U16872	2
U763	U16876	1
U763	U16888	1
U763	U16985	2
U763	U17050	1
U763	U17119	2
U763	U17125	1
U763	U17132	2
U763	U17146	1
U763	U17157	2
U763	U17161	1
U763	U17175	1
U763	U17198	1
U763	U17245	1
U763	U17255	1
U763	U17261	3
U763	U17265	3
U763	U17276	1
U763	U17283	1
U763	U17306	1
U763	U17326	1
U763	U17486	1
U763	U17489	1
U763	U17495	4
U763	U35353	1
U763	U36814	2
U763	U6976	1
U763	U750	1
U763	U7949	2
U763	U8008	1
U763	U8176	1
U763	U8382	1
U763	U8508	7
U763	U8547	1
U766	U1004	2
U766	U16981	1
U766	U3621	3
U766	U7193	1
U766	U766	1
U7666	U1	1
U7666	U1107	1
U7666	U297	1
U7666	U4096	3
U7666	U7666	1
U7666	U9947	1
U767	U16409	1
U767	U16888	1
U7687	U8133	1
U7699	U15987	1
U7699	U3560	1
U7709	U17008	1
U7710	U1074	1
U7710	U12489	1
U7710	U16389	1
U7710	U16728	1
U7710	U7710	4
U7721	U344	1
U7721	U6936	1
U7742	U2530	1
U7743	U15994	1
U7743	U17100	1
U7743	U17106	1
U7743	U17110	1
U7743	U17238	2
U7743	U17489	1
U7743	U1946	1
U7743	U4087	1
U7743	U4753	1
U7743	U49	1
U7743	U5970	1
U7743	U6262	1
U7743	U7743	5
U7743	U8547	2
U7762	U11765	1
U7762	U184	4
U7762	U22	2
U78	U11504	1
U78	U16686	1
U78	U16934	1
U78	U17110	1
U78	U17424	1
U78	U290	4
U78	U35353	1
U78	U402	4
U78	U4362	1
U78	U5970	1
U78	U78	7
U7851	U16870	2
U7868	U4790	1
U7932	U2837	1
U7934	U13650	1
U7934	U16728	2
U7934	U16952	2
U7934	U16960	1
U7934	U17042	1
U7934	U6210	1
U7934	U7934	3
U7934	U8798	1
U7934	U9199	1
U7949	U1074	1
U7949	U1478	1
U7949	U14901	1
U7949	U3248	1
U7949	U36814	1
U7949	U7949	3
U7949	U9564	2
U7952	U3	1
U7982	U16959	1
U7982	U6094	1
U7982	U8430	1
U8008	U11142	1
U8008	U13932	1
U8008	U15711	1
U8008	U16793	1
U8008	U35353	1
U8008	U6500	1
U8032	U10217	1
U8032	U11765	1
U8032	U6936	1
U8032	U8032	1
U806	U10443	1
U806	U9896	1
U8103	U1492	1
U8103	U15898	1
U8103	U16183	3
U8103	U16877	1
U8103	U16920	2
U8103	U17371	1
U8103	U17462	1
U8103	U2349	1
U8103	U4008	3
U8103	U4194	1
U8103	U5259	1
U8103	U6031	1
U8103	U6936	2
U8103	U8103	2
U8133	U6085	1
U8133	U8133	2
U8133	U9269	2
U8176	U16797	1
U8176	U6094	1
U8176	U8176	3
U8212	U10393	1
U8212	U11142	1
U8212	U1121	1
U8212	U1131	1
U8212	U12357	1
U8212	U16033	1
U8212	U16888	1
U8212	U16985	1
U8212	U17007	1
U8212	U17022	1
U8212	U17265	2
U8212	U17273	1
U8212	U17360	1
U8212	U17367	1
U8212	U17391	2
U8212	U17467	1
U8212	U2356	1
U8212	U2623	1
U8212	U2807	1
U8212	U348	1
U8212	U3493	1
U8212	U4144	1
U8212	U4987	1
U8212	U577	1
U8212	U812	1
U8212	U8430	1
U8239	U2305	1
U8239	U36814	1
U824	U10073	1
U824	U1688	1
U824	U2819	1
U824	U6649	1
U824	U7294	1
U8250	U17022	1
U83	U12617	1
U83	U14008	2
U83	U15630	1
U83	U16876	1
U83	U2234	1
U83	U370	1
U83	U83	2
U83	U9417	1
U8320	U16746	1
U8320	U8320	1
U8338	U8338	2
U8382	U14497	1
U8382	U17007	1
U8382	U17298	1
U8382	U1946	3
U8382	U2000	1
U8382	U8382	5
U8382	U8430	1
U8394	U12357	1
U8394	U3684	1
U8430	U10265	1
U8430	U1044	1
U8430	U12120	2
U8430	U14039	1
U8430	U14199	1
U8430	U14424	1
U8430	U14450	1
U8430	U1450	1
U8430	U14830	4
U8430	U1532	1
U8430	U16007	1
U8430	U17017	3
U8430	U17360	1
U8430	U17391	1
U8430	U17452	1
U8430	U1898	1
U8430	U1946	1
U8430	U2384	1
U8430	U2554	1
U8430	U290	1
U8430	U36814	4
U8430	U454	1
U8430	U4832	1
U8430	U4987	1
U8430	U6210	2
U8430	U6269	3
U8430	U6858	2
U8430	U7311	1
U8430	U7458	1
U8430	U812	1
U8430	U8430	16
U8430	U8547	1
U8430	U8799	2
U8430	U9199	2
U8452	U14251	1
U8452	U4048	1
U848	U2554	3
U8508	U2361	1
U8508	U51	1
U8508	U8508	6
U8547	U17064	1
U8547	U1946	8
U8547	U2000	1
U8547	U454	1
U8547	U5442	1
U8547	U6085	1
U8547	U6794	1
U8547	U8430	1
U8547	U8547	16
U8574	U10744	1
U8574	U290	3
U8588	U13825	1
U8588	U16887	1
U8588	U17323	1
U8588	U17361	1
U8588	U17417	1
U8588	U17443	1
U8588	U238	1
U8588	U431	1
U8588	U8588	4
U8590	U2562	1
U8621	U13559	1
U8621	U2348	1
U8621	U3753	1
U8621	U5259	1
U8621	U8621	1
U8629	U2738	1
U8646	U11142	1
U8646	U11260	1
U8646	U1898	2
U8646	U8646	4
U8648	U8430	1
U8684	U5016	1
U8719	U17417	1
U8719	U238	1
U8719	U8719	1
U8761	U11765	1
U8761	U1887	1
U8761	U2264	1
U8761	U2579	1
U8761	U519	2
U8761	U8761	1
U8769	U11142	1
U8769	U16323	1
U8769	U16855	1
U8769	U17394	1
U8769	U8769	1
U8794	U16183	1
U8794	U8508	2
U8799	U17246	1
U8799	U8430	1
U8799	U8799	3
U8799	U9025	1
U8799	U9890	1
U8801	U14497	1
U8857	U17069	1
U8857	U8857	1
U8871	U16728	1
U8887	U4721	2
U8887	U613	1
U8914	U1	1
U8914	U16842	2
U8914	U519	1
U8923	U8923	1
U8932	U8932	1
U8955	U1149	1
U9021	U2129	1
U9021	U2384	1
U9022	U17073	3
U9022	U17246	3
U9022	U1898	1
U9022	U9022	2
U9022	U9316	1
U9025	U10903	1
U9025	U11142	2
U9025	U13932	1
U9025	U14830	1
U9025	U1532	1
U9025	U1703	1
U9025	U17276	1
U9025	U17336	1
U9025	U2011	1
U9025	U2384	1
U9025	U4558	1
U9025	U4661	1
U9025	U7923	1
U9025	U9025	4
U9025	U9118	1
U9025	U9896	1
U9072	U11394	1
U9072	U13625	3
U9072	U14091	1
U9072	U1492	1
U9072	U16007	1
U9072	U16389	2
U9072	U16916	1
U9072	U16944	1
U9072	U16951	2
U9072	U17273	1
U9072	U17349	1
U9072	U17422	2
U9072	U17486	1
U9072	U17489	3
U9072	U22	1
U9072	U36814	1
U9072	U406	1
U9072	U4721	1
U9072	U8430	1
U9072	U9072	7
U9072	U9896	1
U9093	U942	2
U9096	U9096	2
U9102	U8430	1
U9114	U17164	1
U9114	U6666	1
U9114	U8430	1
U9163	U16985	1
U919	U4639	1
U9197	U17117	2
U9197	U9197	2
U9199	U17073	1
U9199	U9199	2
U9269	U12705	1
U9269	U14689	1
U9269	U1946	1
U9269	U3183	2
U9269	U3621	6
U9269	U6794	1
U9269	U7409	1
U9269	U9269	7
U9310	U5144	1
U9316	U17246	1
U935	U22	1
U9417	U1050	1
U9417	U16985	1
U9417	U17261	1
U9417	U284	1
U9417	U35353	1
U9417	U6666	1
U9417	U9417	4
U9422	U16947	2
U943	U17187	1
U943	U439	2
U943	U4625	1
U9449	U1310	2
U9449	U17304	1
U9449	U17326	9
U9449	U17420	1
U9449	U2874	4
U9449	U6322	1
U9449	U7311	1
U9449	U83	1
U9449	U9449	3
U9449	U9658	1
U9455	U10330	1
U947	U9417	1
U9471	U17017	3
U9472	U1463	3
U9502	U9947	1
U9514	U15934	1
U9514	U9514	1
U9534	U17453	1
U9544	U2290	2
U9544	U3402	2
U9545	U17009	1
U955	U11926	1
U955	U17015	4
U955	U955	3
U9564	U1478	1
U9564	U1590	1
U9564	U17219	1
U9564	U17360	1
U9564	U238	2
U9564	U3248	1
U9564	U45	1
U9564	U8646	1
U9564	U942	1
U9564	U9564	1
U9658	U13441	1
U9658	U17308	1
U9658	U9658	3
U9672	U1050	1
U9672	U12205	1
U9672	U15887	2
U9672	U16750	1
U9672	U17009	1
U9672	U9672	1
U970	U2294	1
U9776	U9776	1
U9800	U11540	1
U9800	U9800	7
U9840	U3106	1
U9890	U1516	1
U9890	U17198	1
U9890	U17204	1
U9890	U17512	1
U9890	U3621	1
U9890	U6094	2
U9890	U9890	1
U9890	U9915	1
U9896	U2384	1
U9896	U3684	1
U9915	U9890	1
U9915	U9915	1
U9924	U17015	2
U9924	U2384	3
U9924	U4558	1
U9928	U2625	1
U9947	U17308	1
U9947	U3521	1
U9947	U7460	2
U9947	U9947	8
